Metric,Values
r,0.9744657
RMSE,459.6689
r2,0.9495834


  
